"textDate","sentiment","wordCount"
"2021-02-01","anger",1311
"2021-02-01","anticipation",1839
"2021-02-01","disgust",694
"2021-02-01","fear",1375
"2021-02-01","joy",1171
"2021-02-01","negative",2583
"2021-02-01","positive",3412
"2021-02-01","sadness",1038
"2021-02-01","surprise",717
"2021-02-01","trust",2480
"2021-02-02","anger",2067
"2021-02-02","anticipation",2784
"2021-02-02","disgust",1124
"2021-02-02","fear",2198
"2021-02-02","joy",1811
"2021-02-02","negative",4232
"2021-02-02","positive",5020
"2021-02-02","sadness",1746
"2021-02-02","surprise",1063
"2021-02-02","trust",3776
"2021-02-03","anger",1107
"2021-02-03","anticipation",1859
"2021-02-03","disgust",533
"2021-02-03","fear",1158
"2021-02-03","joy",1172
"2021-02-03","negative",2306
"2021-02-03","positive",3374
"2021-02-03","sadness",901
"2021-02-03","surprise",660
"2021-02-03","trust",2400
"2021-02-04","anger",2654
"2021-02-04","anticipation",3523
"2021-02-04","disgust",1387
"2021-02-04","fear",2421
"2021-02-04","joy",2456
"2021-02-04","negative",4933
"2021-02-04","positive",6179
"2021-02-04","sadness",2115
"2021-02-04","surprise",1629
"2021-02-04","trust",4397
"2021-02-08","anger",16
"2021-02-08","anticipation",50
"2021-02-08","disgust",8
"2021-02-08","fear",18
"2021-02-08","joy",26
"2021-02-08","negative",43
"2021-02-08","positive",85
"2021-02-08","sadness",15
"2021-02-08","surprise",13
"2021-02-08","trust",40
"2021-02-10","anger",179
"2021-02-10","anticipation",290
"2021-02-10","disgust",89
"2021-02-10","fear",184
"2021-02-10","joy",202
"2021-02-10","negative",361
"2021-02-10","positive",552
"2021-02-10","sadness",147
"2021-02-10","surprise",109
"2021-02-10","trust",429
"2021-02-11","anger",34
"2021-02-11","anticipation",94
"2021-02-11","disgust",21
"2021-02-11","fear",38
"2021-02-11","joy",58
"2021-02-11","negative",97
"2021-02-11","positive",191
"2021-02-11","sadness",32
"2021-02-11","surprise",32
"2021-02-11","trust",138
"2021-02-15","disgust",1
"2021-02-15","fear",1
"2021-02-15","negative",2
"2021-02-15","positive",3
"2021-02-15","sadness",1
"2021-02-15","surprise",1
"2021-02-15","trust",2
"2021-02-16","anger",9
"2021-02-16","anticipation",9
"2021-02-16","disgust",5
"2021-02-16","fear",11
"2021-02-16","joy",7
"2021-02-16","negative",16
"2021-02-16","positive",24
"2021-02-16","sadness",4
"2021-02-16","surprise",5
"2021-02-16","trust",26
"2021-02-18","anger",2
"2021-02-18","anticipation",4
"2021-02-18","disgust",1
"2021-02-18","fear",3
"2021-02-18","joy",3
"2021-02-18","negative",6
"2021-02-18","positive",10
"2021-02-18","sadness",3
"2021-02-18","surprise",2
"2021-02-18","trust",7
"2021-02-20","anger",52
"2021-02-20","anticipation",95
"2021-02-20","disgust",27
"2021-02-20","fear",50
"2021-02-20","joy",73
"2021-02-20","negative",100
"2021-02-20","positive",138
"2021-02-20","sadness",37
"2021-02-20","surprise",43
"2021-02-20","trust",129
"2021-02-21","anger",37
"2021-02-21","anticipation",33
"2021-02-21","disgust",16
"2021-02-21","fear",26
"2021-02-21","joy",24
"2021-02-21","negative",53
"2021-02-21","positive",76
"2021-02-21","sadness",25
"2021-02-21","surprise",11
"2021-02-21","trust",74
"2021-02-22","anger",24
"2021-02-22","anticipation",35
"2021-02-22","disgust",10
"2021-02-22","fear",24
"2021-02-22","joy",15
"2021-02-22","negative",49
"2021-02-22","positive",52
"2021-02-22","sadness",15
"2021-02-22","surprise",10
"2021-02-22","trust",51
"2021-02-23","anger",38
"2021-02-23","anticipation",80
"2021-02-23","disgust",16
"2021-02-23","fear",51
"2021-02-23","joy",56
"2021-02-23","negative",97
"2021-02-23","positive",213
"2021-02-23","sadness",34
"2021-02-23","surprise",24
"2021-02-23","trust",141
"2021-02-24","anger",48
"2021-02-24","anticipation",77
"2021-02-24","disgust",18
"2021-02-24","fear",41
"2021-02-24","joy",47
"2021-02-24","negative",89
"2021-02-24","positive",148
"2021-02-24","sadness",35
"2021-02-24","surprise",24
"2021-02-24","trust",93
"2021-02-25","anger",331
"2021-02-25","anticipation",564
"2021-02-25","disgust",166
"2021-02-25","fear",313
"2021-02-25","joy",361
"2021-02-25","negative",653
"2021-02-25","positive",918
"2021-02-25","sadness",229
"2021-02-25","surprise",213
"2021-02-25","trust",580
"2021-02-26","anger",495
"2021-02-26","anticipation",850
"2021-02-26","disgust",225
"2021-02-26","fear",437
"2021-02-26","joy",496
"2021-02-26","negative",948
"2021-02-26","positive",1338
"2021-02-26","sadness",378
"2021-02-26","surprise",303
"2021-02-26","trust",996
"2021-02-27","anger",225
"2021-02-27","anticipation",412
"2021-02-27","disgust",93
"2021-02-27","fear",229
"2021-02-27","joy",299
"2021-02-27","negative",451
"2021-02-27","positive",741
"2021-02-27","sadness",171
"2021-02-27","surprise",136
"2021-02-27","trust",534
"2021-02-28","anger",50
"2021-02-28","anticipation",62
"2021-02-28","disgust",23
"2021-02-28","fear",61
"2021-02-28","joy",43
"2021-02-28","negative",93
"2021-02-28","positive",133
"2021-02-28","sadness",43
"2021-02-28","surprise",21
"2021-02-28","trust",94
