"Week","keyword","score"
2020-11-15,"GameStop",22
2020-11-15,"AMC",4
2020-11-15,"Reddit",64
2020-11-15,"r/WallStreetBets",0.5
2020-11-15,"Robinhood",3
2020-11-22,"GameStop",40
2020-11-22,"AMC",5
2020-11-22,"Reddit",65
2020-11-22,"r/WallStreetBets",0.5
2020-11-22,"Robinhood",3
2020-11-29,"GameStop",21
2020-11-29,"AMC",4
2020-11-29,"Reddit",65
2020-11-29,"r/WallStreetBets",0.5
2020-11-29,"Robinhood",3
2020-12-06,"GameStop",20
2020-12-06,"AMC",4
2020-12-06,"Reddit",63
2020-12-06,"r/WallStreetBets",0.5
2020-12-06,"Robinhood",4
2020-12-13,"GameStop",23
2020-12-13,"AMC",4
2020-12-13,"Reddit",63
2020-12-13,"r/WallStreetBets",0.5
2020-12-13,"Robinhood",3
2020-12-20,"GameStop",26
2020-12-20,"AMC",6
2020-12-20,"Reddit",67
2020-12-20,"r/WallStreetBets",0.5
2020-12-20,"Robinhood",3
2020-12-27,"GameStop",18
2020-12-27,"AMC",5
2020-12-27,"Reddit",68
2020-12-27,"r/WallStreetBets",0.5
2020-12-27,"Robinhood",3
2021-01-03,"GameStop",14
2021-01-03,"AMC",4
2021-01-03,"Reddit",64
2021-01-03,"r/WallStreetBets",0.5
2021-01-03,"Robinhood",6
2021-01-10,"GameStop",12
2021-01-10,"AMC",4
2021-01-10,"Reddit",64
2021-01-10,"r/WallStreetBets",1
2021-01-10,"Robinhood",6
2021-01-17,"GameStop",15
2021-01-17,"AMC",5
2021-01-17,"Reddit",65
2021-01-17,"r/WallStreetBets",1
2021-01-17,"Robinhood",5
2021-01-24,"GameStop",100
2021-01-24,"AMC",62
2021-01-24,"Reddit",88
2021-01-24,"r/WallStreetBets",20
2021-01-24,"Robinhood",42
2021-01-31,"GameStop",41
2021-01-31,"AMC",43
2021-01-31,"Reddit",73
2021-01-31,"r/WallStreetBets",10
2021-01-31,"Robinhood",18
2021-02-07,"GameStop",16
2021-02-07,"AMC",14
2021-02-07,"Reddit",70
2021-02-07,"r/WallStreetBets",3
2021-02-07,"Robinhood",13
2021-02-14,"GameStop",13
2021-02-14,"AMC",9
2021-02-14,"Reddit",65
2021-02-14,"r/WallStreetBets",2
2021-02-14,"Robinhood",9
2021-02-21,"GameStop",19
2021-02-21,"AMC",17
2021-02-21,"Reddit",67
2021-02-21,"r/WallStreetBets",2
2021-02-21,"Robinhood",7
2021-02-28,"GameStop",13
2021-02-28,"AMC",13
2021-02-28,"Reddit",64
2021-02-28,"r/WallStreetBets",2
2021-02-28,"Robinhood",5
2021-03-07,"GameStop",16
2021-03-07,"AMC",14
2021-03-07,"Reddit",66
2021-03-07,"r/WallStreetBets",2
2021-03-07,"Robinhood",4
2021-03-14,"GameStop",15
2021-03-14,"AMC",16
2021-03-14,"Reddit",66
2021-03-14,"r/WallStreetBets",1
2021-03-14,"Robinhood",4
2021-03-21,"GameStop",15
2021-03-21,"AMC",12
2021-03-21,"Reddit",66
2021-03-21,"r/WallStreetBets",1
2021-03-21,"Robinhood",3
2021-03-28,"GameStop",12
2021-03-28,"AMC",12
2021-03-28,"Reddit",69
2021-03-28,"r/WallStreetBets",1
2021-03-28,"Robinhood",3
2021-04-04,"GameStop",11
2021-04-04,"AMC",10
2021-04-04,"Reddit",69
2021-04-04,"r/WallStreetBets",1
2021-04-04,"Robinhood",3
2021-04-11,"GameStop",11
2021-04-11,"AMC",9
2021-04-11,"Reddit",70
2021-04-11,"r/WallStreetBets",1
2021-04-11,"Robinhood",10
2021-04-18,"GameStop",10
2021-04-18,"AMC",11
2021-04-18,"Reddit",69
2021-04-18,"r/WallStreetBets",1
2021-04-18,"Robinhood",9
2021-04-25,"GameStop",10
2021-04-25,"AMC",10
2021-04-25,"Reddit",68
2021-04-25,"r/WallStreetBets",1
2021-04-25,"Robinhood",6
2021-05-02,"GameStop",9
2021-05-02,"AMC",9
2021-05-02,"Reddit",71
2021-05-02,"r/WallStreetBets",1
2021-05-02,"Robinhood",12
2021-05-09,"GameStop",9
2021-05-09,"AMC",13
2021-05-09,"Reddit",71
2021-05-09,"r/WallStreetBets",1
2021-05-09,"Robinhood",9
2021-05-16,"GameStop",9
2021-05-16,"AMC",14
2021-05-16,"Reddit",70
2021-05-16,"r/WallStreetBets",0.5
2021-05-16,"Robinhood",5
2021-05-23,"GameStop",9
2021-05-23,"AMC",29
2021-05-23,"Reddit",69
2021-05-23,"r/WallStreetBets",1
2021-05-23,"Robinhood",4
2021-05-30,"GameStop",10
2021-05-30,"AMC",56
2021-05-30,"Reddit",72
2021-05-30,"r/WallStreetBets",1
2021-05-30,"Robinhood",5
2021-06-06,"GameStop",10
2021-06-06,"AMC",36
2021-06-06,"Reddit",74
2021-06-06,"r/WallStreetBets",2
2021-06-06,"Robinhood",4
2021-06-13,"GameStop",10
2021-06-13,"AMC",28
2021-06-13,"Reddit",69
2021-06-13,"r/WallStreetBets",1
2021-06-13,"Robinhood",3
2021-06-20,"GameStop",10
2021-06-20,"AMC",24
2021-06-20,"Reddit",73
2021-06-20,"r/WallStreetBets",1
2021-06-20,"Robinhood",3
2021-06-27,"GameStop",9
2021-06-27,"AMC",22
2021-06-27,"Reddit",71
2021-06-27,"r/WallStreetBets",1
2021-06-27,"Robinhood",4
2021-07-04,"GameStop",9
2021-07-04,"AMC",22
2021-07-04,"Reddit",69
2021-07-04,"r/WallStreetBets",0.5
2021-07-04,"Robinhood",2
2021-07-11,"GameStop",9
2021-07-11,"AMC",23
2021-07-11,"Reddit",71
2021-07-11,"r/WallStreetBets",0.5
2021-07-11,"Robinhood",2
2021-07-18,"GameStop",8
2021-07-18,"AMC",19
2021-07-18,"Reddit",70
2021-07-18,"r/WallStreetBets",0.5
2021-07-18,"Robinhood",3
2021-07-25,"GameStop",8
2021-07-25,"AMC",17
2021-07-25,"Reddit",67
2021-07-25,"r/WallStreetBets",0.5
2021-07-25,"Robinhood",5
2021-08-01,"GameStop",8
2021-08-01,"AMC",15
2021-08-01,"Reddit",70
2021-08-01,"r/WallStreetBets",0.5
2021-08-01,"Robinhood",5
2021-08-08,"GameStop",7
2021-08-08,"AMC",16
2021-08-08,"Reddit",74
2021-08-08,"r/WallStreetBets",0.5
2021-08-08,"Robinhood",3
2021-08-15,"GameStop",8
2021-08-15,"AMC",15
2021-08-15,"Reddit",69
2021-08-15,"r/WallStreetBets",0.5
2021-08-15,"Robinhood",2
2021-08-22,"GameStop",8
2021-08-22,"AMC",17
2021-08-22,"Reddit",70
2021-08-22,"r/WallStreetBets",0.5
2021-08-22,"Robinhood",2
2021-08-29,"GameStop",7
2021-08-29,"AMC",16
2021-08-29,"Reddit",69
2021-08-29,"r/WallStreetBets",0.5
2021-08-29,"Robinhood",3
2021-09-05,"GameStop",8
2021-09-05,"AMC",16
2021-09-05,"Reddit",68
2021-09-05,"r/WallStreetBets",0.5
2021-09-05,"Robinhood",2
2021-09-12,"GameStop",8
2021-09-12,"AMC",13
2021-09-12,"Reddit",68
2021-09-12,"r/WallStreetBets",0.5
2021-09-12,"Robinhood",2
2021-09-19,"GameStop",7
2021-09-19,"AMC",11
2021-09-19,"Reddit",68
2021-09-19,"r/WallStreetBets",0.5
2021-09-19,"Robinhood",2
2021-09-26,"GameStop",8
2021-09-26,"AMC",14
2021-09-26,"Reddit",66
2021-09-26,"r/WallStreetBets",0.5
2021-09-26,"Robinhood",2
2021-10-03,"GameStop",9
2021-10-03,"AMC",15
2021-10-03,"Reddit",70
2021-10-03,"r/WallStreetBets",0.5
2021-10-03,"Robinhood",3
2021-10-10,"GameStop",8
2021-10-10,"AMC",16
2021-10-10,"Reddit",67
2021-10-10,"r/WallStreetBets",0.5
2021-10-10,"Robinhood",2
2021-10-17,"GameStop",9
2021-10-17,"AMC",14
2021-10-17,"Reddit",69
2021-10-17,"r/WallStreetBets",0.5
2021-10-17,"Robinhood",3
2021-10-24,"GameStop",9
2021-10-24,"AMC",13
2021-10-24,"Reddit",68
2021-10-24,"r/WallStreetBets",0.5
2021-10-24,"Robinhood",7
2021-10-31,"GameStop",9
2021-10-31,"AMC",14
2021-10-31,"Reddit",70
2021-10-31,"r/WallStreetBets",0.5
2021-10-31,"Robinhood",5
2021-11-07,"GameStop",10
2021-11-07,"AMC",15
2021-11-07,"Reddit",73
2021-11-07,"r/WallStreetBets",0.5
2021-11-07,"Robinhood",5
